Step;Time (s)
Startup;0.18077570000000004
Variable creation;0.00024999999999997247
Constraint creation;0.008576499999999987
Objective creation;0.009176699999999927
Optimization;0.037081699999999995
