Step;Time (s)
Startup;1.0517706000000544
Variable creation;0.0002484000001459208
Constraint creation;0.0007239000001391105
Objective creation;0.0024843999999575317
Optimization;0.014588500000172644
